Fiscal Year,Employer,Initial Approvals,Initial Denials,Continuing Approvals,Continuing Denials,NAICS,State,City,ZIP,NAICS_Sector
2022,DECISION RESOURCES INC,0,0,1,0,54,MA,WALTHAM,2453,"Professional, Scientific, and Technical Services"
2022,MIXXIL LLC,0,1,0,0,99,MA,NEWTON,2458,Unknown
2022,POLARIS SOFTWARE LAD INDIA LTD,2,0,0,0,54,NJ,ISELIN,8830,"Professional, Scientific, and Technical Services"
2022,ESYSTEMS INC,1,0,0,0,54,NJ,PRINCETON,8540,"Professional, Scientific, and Technical Services"
2022,BANGOR HYDRO-ELECTRIC COMPANY,1,0,0,0,22,ME,BANGOR,4401,Utilities
2022,CENTRAL MAINE POWER CO,2,0,0,0,22,ME,AUGUSTA,4336,Utilities
2022,SIMULEX INC,1,0,2,0,54,IN,WEST LAFAYETTE,47906,"Professional, Scientific, and Technical Services"
2022,DELASOFT INC,1,0,0,0,54,DE,NEWARK,19702,"Professional, Scientific, and Technical Services"
2022,TD BANK NA,3,0,4,0,52,ME,PORTLAND,4101,Finance and Insurance
2022,TD BANK NA,1,0,0,0,54,ME,PORTLAND,4101,"Professional, Scientific, and Technical Services"
2022,TD BANK NA,1,0,0,0,55,ME,PORTLAND,4101,Management of Companies and Enterprises
2022,TD BANK NA,0,0,1,0,52,ME,PORTLAND,4112,Finance and Insurance
2022,SOUTHERN MAINE MEDICAL CENTER,0,0,1,0,62,ME,BIDDEFORD,4005,Health Care and Social Assistance
2022,REVEREIT LLC,0,1,1,0,54,MA,WOBURN,1801,"Professional, Scientific, and Technical Services"
2022,REVEREIT LLC,0,0,3,0,54,VA,HERNDON,20171,"Professional, Scientific, and Technical Services"
2022,HIGHJUMP SOFTWARE INC,0,0,1,0,51,MN,EDEN PRAIRIE,55344,Information
2022,CIANBRO CORPORATION,1,0,0,0,23,ME,PITTSFIELD,4967,Construction
2022,COLBY COLLEGE,2,0,1,0,61,ME,WATERVILLE,4901,Educational Services
2022,EASTERN MAINE MED CTR,4,0,12,0,62,ME,BANGOR,4401,Health Care and Social Assistance
2022,FRYEBURG ACADEMY,0,0,1,0,61,ME,FRYEBURG,4037,Educational Services
2022,GOULD ACADEMY,0,0,1,0,61,ME,BETHEL,4217,Educational Services
2022,THE JACKSON LAB,6,0,8,0,54,ME,BAR HARBOR,4609,"Professional, Scientific, and Technical Services"
2022,ST MARYS REGIONAL MEDICAL CTR,1,0,0,0,62,ME,LEWISTON,4240,Health Care and Social Assistance
2022,ST MARY S REGIONAL MED CTR,0,0,1,0,62,ME,LEWISTON,4243,Health Care and Social Assistance
2022,BATES COLLEGE,1,0,1,0,61,ME,LEWISTON,4240,Educational Services
2022,BATES COLLEGE,0,0,1,0,61,ME,LEWISTON,4260,Educational Services
2022,CALAIS REGIONAL HOSPITAL,1,0,1,0,62,ME,CALAIS,4619,Health Care and Social Assistance
2022,MOUNT DESERT ISLAND HOSPITAL ORGAN,0,0,1,0,62,ME,BAR HARBOR,4609,Health Care and Social Assistance
2022,UNIV OF NEW ENGLAND,2,0,0,0,61,ME,BIDDEFORD,4005,Educational Services
2022,ST JOSEPH HOSPITAL,0,0,1,0,62,ME,BANGOR,4401,Health Care and Social Assistance
2022,BOWDOIN COLLEGE,2,0,0,0,61,ME,BRUNSWICK,4011,Educational Services
2022,MILLINOCKET REGIONAL HOSPITAL,0,0,1,0,62,ME,MILLINOCKET,4462,Health Care and Social Assistance
2022,WRIGHT PIERCE,0,0,1,0,54,ME,TOPSHAM,4086,"Professional, Scientific, and Technical Services"
2022,JOHN HANCOCK LIFE INSUR CO (USA),7,0,4,0,52,MA,BOSTON,2117,Finance and Insurance
2022,NORTHERN MAINE MEDICAL CENTER,0,0,1,0,62,ME,FORT KENT,4743,Health Care and Social Assistance
2022,MAINE MEDICAL CTR,2,0,0,0,62,ME,PORTLAND,4102,Health Care and Social Assistance
2022,MACDONALD PAGE & CO LLC,1,0,0,0,54,ME,SOUTH PORTLAND,4106,"Professional, Scientific, and Technical Services"
2022,DOWN EAST COMMUNITY HOSPITAL,1,0,2,0,62,ME,MACHIAS,4654,Health Care and Social Assistance
2022,M S A D 45,0,0,1,0,61,ME,WASHBURN,4786,Educational Services
2022,REDINGTON FAIRVIEW GEN HOSP,1,0,0,0,62,ME,SKOWHEGAN,4976,Health Care and Social Assistance
2022,MAINE HEART SURGICAL ASSOCIATES,1,0,0,0,62,ME,PORTLAND,4102,Health Care and Social Assistance
2022,CLARK INTERNATIONAL CORPORATION,0,0,1,0,51,ME,LEWISTON,4243,Information
2022,PORTLAND DENTAL HEALTH CARE P A,0,0,1,0,99,ME,PORTLAND,4103,Unknown
2022,HOSPITAL ADMINISTRATIVE DISTRICT,0,0,2,0,62,ME,DOVER-FOXCROFT,4426,Health Care and Social Assistance
2022,LOHMANN ANIMAL HEALTH INTL INC,1,0,0,0,32,NJ,RIDGEWOOD,7450,Manufacturing
2022,NORTHEAST CARDIOLOGY ASSOCIATES,1,0,1,0,62,ME,BANGOR,4401,Health Care and Social Assistance
2022,NEUROLOGY ASSOCS OF EASTERN ME P A,0,0,1,0,62,ME,BANGOR,4401,Health Care and Social Assistance
2022,MARTINS POINT HEALTH CARE,1,0,0,0,62,ME,PORTLAND,4104,Health Care and Social Assistance
2022,WOODARD & CURRAN INC,0,0,1,0,54,ME,PORTLAND,4102,"Professional, Scientific, and Technical Services"
2022,MAINE DARTMOUTH FAMILY MEDICINE RE,1,0,1,0,62,ME,AUGUSTA,4330,Health Care and Social Assistance
2022,ZF LEMFORDER CORP,0,0,1,0,42,MI,NORTHVILLE,48168,Wholesale Trade
2022,SAN ANTONIO AREOSPACE LLP,1,0,0,0,33,TX,SAN ANTONIO,78216,Manufacturing
2022,THE AROOSTOOK MEDICAL CENTER,3,0,2,0,62,ME,PRESQUE ISLE,4769,Health Care and Social Assistance
2022,PINES HEALTH SVCS,1,0,0,0,62,ME,CARIBOU,4736,Health Care and Social Assistance
2022,PENOBSCOT RESPIRATORY,1,0,2,0,62,ME,BANGOR,4401,Health Care and Social Assistance
2022,PDT ARCHITECTS P A,1,0,0,0,54,ME,PORTLAND,4101,"Professional, Scientific, and Technical Services"
2022,REMSTAR INTERNATIONAL INC,0,0,1,0,99,ME,WESTBROOK,4092,Unknown
2022,IDEXX LABORATORIES INC,2,0,2,0,54,ME,WESTBROOK,4092,"Professional, Scientific, and Technical Services"
2022,ATLANTIC EYRIE LODGE,1,0,0,0,72,ME,BAR HARBOR,4609,Accommodation and Food Services
2022,CENTRAL MAINE COMMUNITY COLLEGE MA,1,0,0,0,61,ME,AUBURN,4210,Educational Services
2022,MAINE MEDICAL CENTER RESEARCH INST,1,0,1,0,62,ME,SCARBOROUGH,4074,Health Care and Social Assistance
2022,LANDCRAFTERS,0,0,1,0,54,ME,WOOLWICH,4579,"Professional, Scientific, and Technical Services"
2022,ACADIA HOSPITAL CORPORATION,1,0,0,0,62,ME,BANGOR,4401,Health Care and Social Assistance
2022,BURTS BEES INC,0,0,1,0,32,NC,DURHAM,27701,Manufacturing
2022,BURTS BEES INC,1,0,1,0,32,NC,MORRISVILLE,27560,Manufacturing
2022,DOWN EAST EMERGENCY MEDICINE,0,0,1,0,72,ME,BANGOR,4401,Accommodation and Food Services
2022,DISABILITY REINSURANCE MGT SVCS,0,0,1,0,52,ME,WESTBROOK,4092,Finance and Insurance
2022,SENSOR RESEARCH & DEVELOPMENT CORP,1,0,0,1,54,ME,ORONO,4473,"Professional, Scientific, and Technical Services"
2022,WESTERN ME MULTI MED SPECIALISTS,0,0,1,0,62,ME,NORWAY,4268,Health Care and Social Assistance
2022,IDEXX LABORATORIES INC,0,0,1,0,54,ME,WESTBROOK,4092,"Professional, Scientific, and Technical Services"
2022,ENVIROLOGIX INC,1,0,0,0,33,ME,PORTLAND,4103,Manufacturing
2022,SPECTRUM MEDICAL GROUP,0,0,1,0,62,ME,SCARBOROUGH,4074,Health Care and Social Assistance
2022,TRISTAN LLC D/B/A KAMP KOHUT,0,0,1,0,71,ME,CAPE ELIZABETH,4107,"Arts, Entertainment, and Recreation"
2022,I MANY INC,0,0,1,0,54,NJ,EDISON,8837,"Professional, Scientific, and Technical Services"
2022,TRC ENGINEERS LLC,0,0,1,0,54,MA,BOSTON,2210,"Professional, Scientific, and Technical Services"
2022,WRIGHT EXPRESS CORPORATION,0,0,1,0,52,ME,SOUTH PORTLAND,4106,Finance and Insurance
2022,PENOBSCOT BAY MEDIA,0,0,1,0,54,ME,CAMDEN,4843,"Professional, Scientific, and Technical Services"
2022,PULSES & PEPPERS INC,0,0,1,0,52,MA,WALTHAM,2451,Finance and Insurance
2022,PEDIATRIC ASSOCS OF LEWISTON P A,1,0,0,0,99,ME,LEWISTON,4240,Unknown
2022,UTC ASSOCIATES INC,1,1,2,0,54,NY,NEW YORK,10005,"Professional, Scientific, and Technical Services"
2022,GASTROENTEROLOGY MED ASSO OF SONOM,0,0,1,0,62,CA,SANTA ROSA,95405,Health Care and Social Assistance
2022,TITANIUM INC,0,0,1,0,54,MI,TROY,48084,"Professional, Scientific, and Technical Services"
2022,TRADEWIND ENERGY LLC,1,0,0,0,22,KS,LENEXA,66219,Utilities
2022,SOFTEX PAPER INCORPORATED,0,0,1,0,32,FL,PALATKA,32178,Manufacturing
2022,WALL STREET FINANCE LLC,0,0,1,0,52,NY,JACKSON HEIGHTS,11372,Finance and Insurance
2022,PROFIT PLANNERS INC,0,0,1,0,54,NY,NEW YORK,10018,"Professional, Scientific, and Technical Services"
2022,ARTNET SOUTH LLC,0,0,1,0,81,CA,IRVINE,92614,Other Services (except Public Administration)
2022,SCALABILITY EXPERTS,1,0,0,0,54,TX,COPPELL,75019,"Professional, Scientific, and Technical Services"
2022,SONY E PLATFORM TECHNOLOGIES INC,0,0,4,0,54,CA,SAN JOSE,95112,"Professional, Scientific, and Technical Services"
2022,CORDIA COMMUNICATIONS CORP,0,0,1,0,99,FL,WINTER GARDEN,34787,Unknown
2022,OC&C STRATEGY CONSULTANTS,3,0,0,0,54,MA,BOSTON,2110,"Professional, Scientific, and Technical Services"
2022,MUSTANG ENGINEERING LP,6,0,3,1,21,TX,DALLAS,75204,"Mining, Quarrying, and Oil and Gas Extraction"
2022,MUSTANG ENGINEERING LP,0,0,4,0,54,TX,HOUSTON,77084,"Professional, Scientific, and Technical Services"
2022,MODERNISTA LTD,1,0,2,0,54,MA,BOSTON,2111,"Professional, Scientific, and Technical Services"
2022,INFOGEN INC,0,0,1,0,54,MI,ANN ARBOR,48106,"Professional, Scientific, and Technical Services"
2022,INFOGEN INC,2,3,1,1,54,MI,ANN ARBOR,48108,"Professional, Scientific, and Technical Services"
2022,SUTTON PLACE MGMT LLC,0,0,1,0,52,CA,SAN FRANCISCO,94104,Finance and Insurance
2022,KITTYHAWK PARTNERS LLC,0,0,2,0,54,CO,STEAMBOAT SPRINGS,80477,"Professional, Scientific, and Technical Services"
2022,EVERCORE PARTNERS SERVICES E LLC,3,0,3,0,52,NY,NEW YORK,10055,Finance and Insurance
2021,VALIDATION RESOURCES LLC,1,0,0,0,54,OR,BEND,97701,"Professional, Scientific, and Technical Services"
2021,PUGH SCARPA ARCHITECTS INC,0,0,1,0,54,CA,SANTA MONICA,90404,"Professional, Scientific, and Technical Services"
2021,FIRESTOREONLINE.COM INC,1,0,0,0,99,FL,NEW SMYRNA BEACH,32168,Unknown
2021,SIMULEX INC,0,0,1,0,54,IN,WEST LAFAYETTE,47906,"Professional, Scientific, and Technical Services"
2021,INCASE DESIGNS CORP,1,0,1,0,99,CA,IRWINDALE,91706,Unknown
2021,NOLLENBERGER CAPITAL PARTNERS,1,0,1,0,52,CA,SAN FRANCISCO,94111,Finance and Insurance
2021,KEBOK COM LLC,0,1,0,0,54,MI,SOUTHFIELD,48076,"Professional, Scientific, and Technical Services"
2021,LOUGHLIN MEGHJI+COMPANY INC,1,0,0,0,54,NY,NEW YORK,10036,"Professional, Scientific, and Technical Services"
2021,INNOVALIGHT INC,1,0,0,0,33,CA,SUNNYVALE,94085,Manufacturing
2021,ARUN MISRA PC,0,0,0,1,54,NY,NEW YORK,10001,"Professional, Scientific, and Technical Services"
2021,THE MINERVINI GROUP LLC,1,0,0,0,54,MI,TRAVERSE CITY,49684,"Professional, Scientific, and Technical Services"
2021,WORKSTREAM INC,3,0,0,0,54,FL,MAITLAND,32751,"Professional, Scientific, and Technical Services"
2021,TONETICS INC,1,0,1,0,54,CA,SANTA CLARA,95054,"Professional, Scientific, and Technical Services"
2021,CYBERVIEW SYSTEMS INC,1,0,0,0,54,OK,OKLAHOMA CITY,73149,"Professional, Scientific, and Technical Services"
2021,SC & ASSOCIATES LLP,2,0,0,0,54,NY,GREAT NECK,11021,"Professional, Scientific, and Technical Services"
2021,MAYA ENTERTAINMENT GROUP,0,1,0,0,71,CA,LOS ANGELES,90017,"Arts, Entertainment, and Recreation"
2021,WOOD MACKENZIE INC D/B/A HILL &,2,0,2,0,54,MA,BOSTON,2110,"Professional, Scientific, and Technical Services"
2021,DIT (ACTIVE DATA SERVICES),0,0,1,0,32,PA,SCRANTON,18503,Manufacturing
2021,DBSPECTRA INC,1,0,0,0,33,TX,LEWISVILLE,75056,Manufacturing
2021,ODS INTERNATIONAL INC,0,0,2,0,33,TX,HOUSTON,77042,Manufacturing
2021,MESRIANI & ASSOCIATES A PRO LAW CO,1,1,0,0,54,CA,LOS ANGELES,90025,"Professional, Scientific, and Technical Services"
2021,TURNER CONSTRUCTION COMPANY,0,0,2,0,99,NJ,SOMERSET,8873,Unknown
2021,TURNER CONSTRUCTION COMPANY,0,0,1,0,99,TX,DALLAS,75202,Unknown
2021,SERVICE RATINGS LLC,0,0,1,0,54,MD,CHEVY CHASE,20815,"Professional, Scientific, and Technical Services"
2021,SEMISOUTH LABORATORIES INC,0,0,1,0,54,MS,STARKVILLE,39759,"Professional, Scientific, and Technical Services"
2021,CLUSTER RESOURCES INC,1,0,0,0,51,UT,PROVO,84606,Information
2021,SHOUSE INC,1,0,0,0,54,NC,WINSTON-SALEM,27106,"Professional, Scientific, and Technical Services"
2021,MARKOV PROCESSES INTL D B A MPI,2,0,1,0,54,NJ,SUMMIT,7901,"Professional, Scientific, and Technical Services"
2021,PREMIER WEST CONTRACTORS INC,0,0,1,0,99,CA,ORANGE,92865,Unknown
2021,ASSEMBLY TECHNOLOGIES INC,1,0,0,0,33,NC,CHARLOTTE,28213,Manufacturing
2021,BROOKS RAND LABS,1,0,0,0,54,WA,SEATTLE,98107,"Professional, Scientific, and Technical Services"
2021,ACTIVEFILINGS LLC,0,0,1,0,54,FL,AVENTURA,33180,"Professional, Scientific, and Technical Services"
2021,CITCO FUND SVCS SAN FRANCISCO INC,1,0,0,0,52,CA,SAN FRANCISCO,94105,Finance and Insurance
2021,DIGITAS,1,0,12,1,54,MA,BOSTON,2210,"Professional, Scientific, and Technical Services"
2021,ACTIV FINANCIAL SYSTEMS INC,0,0,1,0,54,PA,MECHANICSBURG,17050,"Professional, Scientific, and Technical Services"
2021,WANG & SUN ENTERPRISES,0,0,1,0,81,CA,RIVERSIDE,92516,Other Services (except Public Administration)
2021,WEBB CEDNTER FOR INTEGRATIVE HEALT,1,0,0,0,62,PA,WARRENDALE,15086,Health Care and Social Assistance
2021,NWEA LLC,2,0,3,0,33,CA,SANTA CLARA,95050,Manufacturing
2021,ADVANCED PAIN MGT SPECIALISTS,1,2,0,0,62,NJ,NEWARK,7102,Health Care and Social Assistance
2021,GLOBAL FOOD LLC,1,0,0,0,44,VA,MANASSAS,20109,Retail Trade
2021,BOYETTE WALK-IN CLINIC,0,0,2,0,62,FL,RIVERVIEW,33578,Health Care and Social Assistance
2021,FM SOLUTIONS INC,0,0,2,0,54,AZ,PHOENIX,85012,"Professional, Scientific, and Technical Services"
2021,ANIMATED STORYBOARDS LTD,0,0,1,0,54,NY,NEW YORK,10016,"Professional, Scientific, and Technical Services"
2021,VIP TOURS OF CALIFORNIA,1,0,0,0,56,CA,LOS ANGELES,90045,Waste Management and Remediation Services
2021,CALIK USA INC,1,0,0,0,31,NY,NEW YORK,10018,Manufacturing
2021,LANGUAGE WEAVER INC,2,0,1,0,54,CA,MARINA DEL REY,90292,"Professional, Scientific, and Technical Services"
2021,PAT T SECCAFICA PROFESSIONAL LAND,0,0,1,0,99,NY,CENTER MORICHES,11934,Unknown
2021,3SHARP LLC,0,0,1,0,54,WA,REDMOND,98052,"Professional, Scientific, and Technical Services"
2021,BRICKELL KEY CONSULTING LLC,0,0,1,0,54,FL,MIAMI,33131,"Professional, Scientific, and Technical Services"
2021,LEKHA INC,1,6,0,1,54,NJ,EDISON,8817,"Professional, Scientific, and Technical Services"
2021,LEKHA INC,0,0,0,2,54,NJ,FAIRFIELD,7004,"Professional, Scientific, and Technical Services"
2021,LEKHA INC,0,15,0,14,54,NJ,SOUTH PLAINFIELD,7080,"Professional, Scientific, and Technical Services"
2021,INTOUCH TECHNOLOGIES INC,0,0,1,0,33,CA,GOLETA,93117,Manufacturing
2021,BIZTECH SOLUTIONS INC,0,0,0,1,54,TX,THE WOODLANDS,77382,"Professional, Scientific, and Technical Services"
2021,KOMPASS INTEGRATED SOLUTIONS INC,1,0,0,0,54,CA,MOUNTAIN VIEW,94043,"Professional, Scientific, and Technical Services"
2021,TINA KIM GALLERY LLC,0,0,1,0,71,NY,NEW YORK,10001,"Arts, Entertainment, and Recreation"
2021,CORP INTERAMERICANA PARA EL,1,0,0,0,52,FL,CORAL GABLES,33134,Finance and Insurance
2021,LEMANSKI & ROCKWELL ARCHITECTS INC,1,0,0,0,54,CA,SAN FRANCISCO,94109,"Professional, Scientific, and Technical Services"
2021,SPRINGHILL CONSULTING INC,0,0,3,0,99,NJ,GREENBROOK,8812,Unknown
2021,GREEN MOUNTAIN BUILDERS LLC,1,0,0,0,99,NC,HIGHLANDS,28741,Unknown
2021,KIO YAMATO OPTICS INC,0,0,1,0,99,NJ,ENGLEWOOD,7631,Unknown
2021,Z-GEOINFO INC,1,0,1,0,54,MD,TOWSON,21286,"Professional, Scientific, and Technical Services"
2021,DIAGNOSTICS FOR THE REAL WORLD LTD,0,0,1,0,33,CA,SUNNYVALE,94085,Manufacturing
2021,KAIKAI KIKI NEW YORK LLC,2,0,1,0,33,NY,LONG ISLAND CITY,11101,Manufacturing
2021,KAIKAI KIKI NEW YORK LLC,0,0,1,0,71,NY,LONG ISLAND CITY,11101,"Arts, Entertainment, and Recreation"
2021,KEISY ORIENTAL NATURE CENTER,0,0,1,0,62,NY,NEW YORK,10003,Health Care and Social Assistance
2021,COMPOSITE SOFTWARE INC,0,0,1,0,54,CA,SAN MATEO,94403,"Professional, Scientific, and Technical Services"
2021,CTS SVCS INC DBA COMPUTER,0,0,1,0,54,NJ,JERSEY CITY,7307,"Professional, Scientific, and Technical Services"
2021,WORLDLINK VACATIONS INC,0,0,1,0,56,CA,LOS ANGELES,90025,Waste Management and Remediation Services
2021,PROLONG PHARMACEUTICALS INC,0,0,1,0,32,NJ,MONMOUTH JUNCTION,8852,Manufacturing
2021,MAP NEW YORK AGENCY CORP,0,0,1,0,54,NY,NEW YORK,10011,"Professional, Scientific, and Technical Services"
2021,HEALTH PLAN SYSTEMS INC,0,0,4,0,54,NJ,WOODBRIDGE,7095,"Professional, Scientific, and Technical Services"
2021,COREGENIX INC,0,0,1,0,54,TX,SUGAR LAND,77478,"Professional, Scientific, and Technical Services"
2021,COREGENIX INC,0,0,1,0,54,TX,SUGAR LAND,77479,"Professional, Scientific, and Technical Services"
2021,FOURTH WALL,1,0,0,0,54,CA,LOS ANGELES,90036,"Professional, Scientific, and Technical Services"
2021,THE SHREDDER COMPANY,0,0,0,1,81,TX,CANUTILLO,79835,Other Services (except Public Administration)
2021,ONE,0,0,1,0,81,DC,WASHINGTON,20005,Other Services (except Public Administration)
2021,COBAN TECHNOLOGIES INC,0,0,1,0,54,TX,STAFFORD,77477,"Professional, Scientific, and Technical Services"
2021,RJ ARGUELLO LLC D/B/A CEO ADVISORS,1,0,0,0,54,FL,MIAMI,33131,"Professional, Scientific, and Technical Services"
2021,NOBLE COMMUNICATIONS INC,0,1,0,0,44,FL,ORLANDO,32818,Retail Trade
2021,CURIOUS HOLDINGS LLC,1,0,1,0,51,NY,NEW YORK,10003,Information
2021,VENSYS TECHNOLOGIES INC,0,0,1,0,54,FL,MIRAMAR,33023,"Professional, Scientific, and Technical Services"
2021,VENSYS TECHNOLOGIES INC,0,2,0,0,54,FL,MIRAMAR,33027,"Professional, Scientific, and Technical Services"
2021,HYT INTERNATIONAL TRAVEL INC,0,0,1,0,56,NY,FLUSHING,11355,Waste Management and Remediation Services
2021,NT CONSULTING INC,0,0,0,1,54,DE,WILIMINGTON,19805,"Professional, Scientific, and Technical Services"
2021,KEMIRA CHEMICALS INC,0,0,1,0,32,GA,KENNESAW,30144,Manufacturing
2021,HOPE HOME,0,0,1,1,99,CA,DUBLIN,94568,Unknown
2021,CRAZY MAGIC INC DBA CRESCENDANT IN,1,0,1,0,54,CA,MOUNTAIN VIEW,94043,"Professional, Scientific, and Technical Services"
2021,BUILT NY INC,1,0,0,0,31,NY,NEW YORK,10012,Manufacturing
2021,AUTOWHOLESALER GRP INC DBA AWG REM,0,0,1,0,54,CA,NEWPORT BEACH,92660,"Professional, Scientific, and Technical Services"
2021,LAW OFFICES OF SUNG-HO HWANG LLC,0,0,0,1,54,CT,NEW HAVEN,6511,"Professional, Scientific, and Technical Services"
2021,CHARM BONG CORP,1,0,0,0,99,NJ,HACKENSACK,7601,Unknown
2021,FIRST BUSINESS MACHINES INC,0,1,0,0,54,CA,SANTA FE SPRINGS,90670,"Professional, Scientific, and Technical Services"
2021,INDYMAC FEDERAL BANK F S B INDYMAC,1,0,3,0,52,CA,PASADENA,91101,Finance and Insurance
2021,JNB MACHINE SHOP INC,2,0,0,0,54,TX,HOUSTON,77065,"Professional, Scientific, and Technical Services"
2021,IGNITE MEDIA SOLUTIONS,2,0,0,0,54,FL,OLDSMAR,34677,"Professional, Scientific, and Technical Services"
2021,THE UEGROUP LLC,1,0,0,0,33,CA,SAN JOSE,95125,Manufacturing
2021,ROBBINS UMEDA LLP,1,0,0,0,54,CA,SAN DIEGO,92101,"Professional, Scientific, and Technical Services"
2021,MED AYURVEDA REJUVENATION CTR,0,0,1,0,62,CA,NEWPORT BEACH,92660,Health Care and Social Assistance
2020,KPSS INC,0,0,1,0,32,MD,LINTHICUM HEIGHTS,21090,Manufacturing
2020,NOOR OIL INC,1,0,0,0,44,VA,STUARTS DRAFT,24477,Retail Trade
2020,COPIA CREATIVE INC,1,0,0,0,54,CA,SANTA MONICA,90404,"Professional, Scientific, and Technical Services"
2020,C H TRADING CO,1,0,0,0,99,CA,SAN MATEO,94402,Unknown
2020,HYPEROFFICE,3,0,0,0,51,MD,ROCKVILLE,20852,Information
2020,FIRST AMERICAN CORELOGIC INC,0,0,1,0,53,CA,SANTA ANA,92707,Real Estate and Rental and Leasing
2020,VOICECOM TELECOMMUNICATIONS LLC,1,0,0,0,99,FL,CORAL GABLES,33134,Unknown
2020,MULTIMIN USA INC,1,0,0,0,99,CA,PORTERVILLE,93257,Unknown
2020,INFOWAY CONSULTING INC,0,0,1,0,54,WA,BELLEVUE,98007,"Professional, Scientific, and Technical Services"
2020,PLANT ALLISON CORPORATION,0,0,1,0,23,CA,SAN FRANCISCO,94124,Construction
2020,CFC ADVISORS LLC,0,0,1,0,52,IL,CHICAGO,60606,Finance and Insurance
2020,TERUMO LATIN AMERICA CORPORATION,0,0,2,0,33,NJ,SOMERSET,8873,Manufacturing
2020,KCI WIRELESS,1,0,0,0,99,TX,HOUSTON,77036,Unknown
2020,KCI WIRELESS-HARWIN,0,0,1,0,99,TX,HOUSTON,77063,Unknown
2020,COMARK BUILDING SYSTEMS INC,0,0,1,0,54,TX,DESOTO,75123,"Professional, Scientific, and Technical Services"
2020,HEALING HANDS HOME CARE INC,1,0,0,0,62,IL,CHICAGO,60656,Health Care and Social Assistance
2020,INTECH INVESTMENT MANAGEMENT LLC,0,0,1,0,52,FL,WEST PALM BEACH,33401,Finance and Insurance
2020,ACEA BIOSCIENCES INC,1,0,0,0,54,CA,SAN DIEGO,92121,"Professional, Scientific, and Technical Services"
2020,SIGNUM BIOSCIENCES INC,1,0,1,0,54,NJ,MONMOUTH JUNCTION,8852,"Professional, Scientific, and Technical Services"
2020,U S 4 OF FITNESS INC,1,0,0,0,71,FL,DELRAY BEACH,33444,"Arts, Entertainment, and Recreation"
2020,MINDSPEED TECHNOLOGIES INC,5,0,8,0,33,CA,NEWPORT BEACH,92660,Manufacturing
2020,FTC ARCHITECTS PC,1,0,0,0,54,TX,GEORGETOWN,78628,"Professional, Scientific, and Technical Services"
2020,AMERIFOCUS INC,0,0,1,0,54,FL,TAMPA,33647,"Professional, Scientific, and Technical Services"
2020,BUCHANAN P E CONSULTING INC,0,0,1,0,54,FL,MARGATE,33063,"Professional, Scientific, and Technical Services"
2020,BECKER & ASSOCIATES CONSULTING INC,0,0,1,0,54,DC,WASHINGTON,20006,"Professional, Scientific, and Technical Services"
2020,ZEOMEGA LLC,2,0,2,0,54,TX,FRISCO,75034,"Professional, Scientific, and Technical Services"
2020,SOMERSET HOSPITALITY MGT INC,0,0,1,0,53,TX,MIDLAND,79701,Real Estate and Rental and Leasing
2020,MARJAN GARMESTANI DDS INC,0,0,1,0,62,CA,CANOGA PARK,91303,Health Care and Social Assistance
2020,PRECISION PERSONNEL INC,0,0,3,0,33,FL,CLEARWATER,33755,Manufacturing
2020,PRECISION PERSONNEL INC,0,0,2,0,54,FL,CLEARWATER,33755,"Professional, Scientific, and Technical Services"
2020,INTERNATIONAL DATA SYSTEMS INC,0,0,0,1,54,AK,ANCHORAGE,99515,"Professional, Scientific, and Technical Services"
2020,N BIMBLI DDS A PROFESSIONAL DENTAL,1,0,0,0,62,CA,HAWTHORNE,90250,Health Care and Social Assistance
2020,KONNECH INC,1,0,0,0,54,MI,OKEMOS,48864,"Professional, Scientific, and Technical Services"
2020,ALAMO BEHAVIOR HEALTH ASSOCIATES,0,0,1,0,62,TX,SAN ANTONIO,78229,Health Care and Social Assistance
2020,HORUSHIN INC D/B/A NEW ASIA,0,0,0,1,72,FL,WESTON,33327,Accommodation and Food Services
2020,ICARNEGIE INC,0,0,1,0,54,PA,PITTSBURGH,15213,"Professional, Scientific, and Technical Services"
2020,ANCIENT ART L P,0,0,2,0,52,TX,AUSTIN,78701,Finance and Insurance
2020,WORLD RESOURCE SOLUTIONS CORP,0,0,1,0,33,OH,PLAIN CITY,43064,Manufacturing
2020,SOXNET INC,0,1,0,0,31,CA,LOS ANGELES,90010,Manufacturing
2020,MIKE MIN W KANG DDS INC,0,0,1,0,62,CA,TORRANCE,90503,Health Care and Social Assistance
2020,SYP GROUP LLC,0,1,0,0,52,NC,NEWTON,28658,Finance and Insurance
2020,POTTSVILLE PEDIATRIC DENTAL CTR,1,0,0,0,62,PA,POTTSVILLE,17901,Health Care and Social Assistance
2020,AURIS TECHNOLOGY LLC,1,0,0,0,51,FL,MIAMI,33131,Information
2020,CINCO TELECOM CORP DBA ORBITEL,0,0,1,0,99,FL,MIAMI,33172,Unknown
2020,HURLEY INTERNATIONAL LLC,1,0,0,0,31,OR,BEAVERTON,97005,Manufacturing
2020,ATRIUM STAFFING OF NJ LLC,2,0,0,0,56,NJ,ISELIN,8830,Waste Management and Remediation Services
2020,ROSS-TECH LLC,1,0,0,0,54,PA,LANSDALE,19446,"Professional, Scientific, and Technical Services"
2020,PATIENT CARE TECHNOLOGY SYSTEMS,0,0,1,0,54,CA,MISSION VIEJO,92691,"Professional, Scientific, and Technical Services"
2020,TSAI HUA TAN DDS INC,1,0,0,0,62,CA,ROWLAND HEIGHTS,91748,Health Care and Social Assistance
2020,METAL GREEN RECYCLING INDUSTRIES I,2,0,0,0,32,NY,WEST BABYLON,11704,Manufacturing
2020,TECHNICAL STRATEGIES INC,1,1,35,3,54,VA,CHANTILLY,20151,"Professional, Scientific, and Technical Services"
2020,TECHNICAL STRATEGIES INC,1,0,9,0,54,VA,GREAT FALLS,22066,"Professional, Scientific, and Technical Services"
2020,GALAXY AUTO SOUND INC,0,0,1,0,44,CA,NORTHRIDGE,91324,Retail Trade
2020,ENCHOICE INC,0,0,1,0,54,AZ,CHANDLER,85226,"Professional, Scientific, and Technical Services"
2020,GULTON INC,0,0,1,0,51,NJ,SOUTH PLAINFIELD,7080,Information
2020,AVENGER ENGINEERING,0,0,2,0,54,GA,ALPHARETTA,30022,"Professional, Scientific, and Technical Services"
2020,SCARLET INFOTECH INC DBA EXPEDIEN,2,0,4,1,54,TX,HOUSTON,77027,"Professional, Scientific, and Technical Services"
2020,25 FPS PRODUCTIONS INC,0,0,0,1,51,NY,BROOKLYN,11238,Information
2020,QUALNETWORKS INC,0,0,1,0,54,FL,APOPKA,32703,"Professional, Scientific, and Technical Services"
2020,KALEIDA HEALTH,1,0,0,0,62,NY,BUFFALO,14203,Health Care and Social Assistance
2020,STAFFING TREE LLC D B A ITREE TECH,2,0,0,0,54,MI,KEEGO HARBOR,48320,"Professional, Scientific, and Technical Services"
2020,STAFFING TREE LLC D B A ITREE TECH,1,6,3,0,54,MI,SYLVAN LAKE,48320,"Professional, Scientific, and Technical Services"
2020,HIMALAYAN WEAVERS,1,0,0,0,99,CA,SAN FRANCISCO,94107,Unknown
2020,INCENDIA PARTNERS INC,2,0,0,0,54,MA,FRAMINGHAM,1701,"Professional, Scientific, and Technical Services"
2020,NURIDE INC,0,0,1,0,54,CT,ESSEX,6426,"Professional, Scientific, and Technical Services"
2020,PAIN & SPORTS MEDICINE OF NEW YORK,0,0,0,1,62,NY,NEW YORK,10021,Health Care and Social Assistance
2020,COMMERCIAL DIVING ACADEMY OF,0,0,1,0,56,PA,MECHANICSBURG,17050,Waste Management and Remediation Services
2020,GRANDSTREAM NETWORKS INC,2,0,1,0,33,MA,BROOKLINE,2446,Manufacturing
2020,GRANDSTREAM NETWORKS INC,0,0,1,0,54,TX,PLANO,75075,"Professional, Scientific, and Technical Services"
2020,JERSEY SHORE UNIV MEDICAL CENTER,1,0,0,0,62,NJ,NEPTUNE,7754,Health Care and Social Assistance
2020,SPRINT SOFTWARE LLC,1,1,2,0,54,NJ,PISCATAWAY,8854,"Professional, Scientific, and Technical Services"
2020,AMO PHYSICAL THERAPY,0,0,0,1,99,NY,BROOKLYN,11204,Unknown
2020,LENOX TERRACE PHARMACY INC,1,0,1,0,44,NY,NEW YORK,10037,Retail Trade
2020,ONI CORP,1,0,0,0,72,NY,NEW YORK,10005,Accommodation and Food Services
2020,STAR ONE INC,0,0,0,1,56,FL,DORAL,33178,Waste Management and Remediation Services
2020,PARIPUN VENTURES LLC,1,0,1,0,81,NJ,CLINTON,8809,Other Services (except Public Administration)
2020,TRANSNATIONAL FOODS INC,0,0,4,0,42,FL,MIAMI,33131,Wholesale Trade
2020,SPECIALIZED VETERINARY CARE PLCC,1,0,0,0,54,NY,WESTBURY,11590,"Professional, Scientific, and Technical Services"
2020,AMERICAN LAND & MINERALS LLC,0,0,1,0,21,TX,ODESSA,79762,"Mining, Quarrying, and Oil and Gas Extraction"
2020,NATION HOME CORP DBA FIRST AMERICA,0,0,1,0,52,CA,LOS ANGELES,90010,Finance and Insurance
2020,FIRST AMERICAN REALTY CAPITAL CORP,0,1,0,0,52,CA,TORRANCE,90503,Finance and Insurance
2020,BASAK AMERICA INC,0,0,1,0,54,GA,ATLANTA,30308,"Professional, Scientific, and Technical Services"
2020,AROL USA INC,1,0,0,0,54,GA,SUWANEE,30024,"Professional, Scientific, and Technical Services"
2020,BEYOND PACIFIC LLC,2,0,0,0,71,NY,YONKERS,10705,"Arts, Entertainment, and Recreation"
2020,OLIVIER CHENG CATERING AND EVENTS,0,0,1,0,31,NY,NEW YORK,10013,Manufacturing
2020,ARK MATERIALS INC,1,0,0,0,52,VA,RESTON,20190,Finance and Insurance
2020,VELOCITY HEALTHCARE,1,0,0,0,56,PA,PITTSBURGH,15232,Waste Management and Remediation Services
2020,ALERT LOGIC INC,1,0,0,0,54,TX,HOUSTON,77056,"Professional, Scientific, and Technical Services"
2020,HURON CONSULTING SERVICES LLC,9,1,11,1,54,IL,CHICAGO,60606,"Professional, Scientific, and Technical Services"
2020,HURON CONSULTING CONSULTING GROUP,3,0,0,0,54,IL,CHICAGO,60607,"Professional, Scientific, and Technical Services"
2020,T & G INTERNATIONAL SOURCES INC,0,0,1,0,54,FL,MIAMI,33166,"Professional, Scientific, and Technical Services"
2020,DIGITAL BLUE INC,0,0,2,0,33,GA,MARIETTA,30062,Manufacturing
2020,HEDGE LLC,1,0,0,0,45,CA,SAN FRANCISCO,94133,Retail Trade
2020,TEEKWAI DESIGNS INC DBA BOCONCEPT,2,0,1,0,44,NY,NEW YORK,10016,Retail Trade
2020,TEA FOR TWO CUISINE,0,0,0,1,72,NY,BROOKLYN,11223,Accommodation and Food Services
2020,BO TECHNOLOGY LLC,1,0,1,0,54,NY,HUNTINGTON STATION,11746,"Professional, Scientific, and Technical Services"
2020,AC1 SUPPLY INC,0,0,1,0,54,FL,CORAL GABLES,33134,"Professional, Scientific, and Technical Services"
2020,PRIORITY BUSINESS SVCS INC,0,0,1,0,81,CA,ALISO VIEJO,92656,Other Services (except Public Administration)
2020,SAN ANTONIO AEROSPACE LP,41,8,0,0,33,TX,SAN ANTONIO,78216,Manufacturing
2020,CLAUDIUS PETERS AMERICAS INC,1,0,0,0,99,TX,FRISCO,75034,Unknown
2020,WAI LANA PRODUCTIONS LLC,1,0,0,0,45,TX,DALLAS,75204,Retail Trade
2019,CHF INDUSTRIES INC,0,0,1,0,31,NC,CHARLOTTE,28217,Manufacturing
2019,BIOSCALE INC,1,0,0,0,54,MA,CAMBRIDGE,2139,"Professional, Scientific, and Technical Services"
2019,GREG MATHIS CHARTER HIGH SCH,1,0,0,0,61,SC,NORTH CHARLESTON,29405,Educational Services
2019,ROZIN OPTICAL INTERNATIONAL LLC,0,0,1,0,99,FL,MIAMI,33131,Unknown
2019,EM SOFTWARE & SYSTEMS USA INC,0,0,1,0,54,VA,HAMPTON,23666,"Professional, Scientific, and Technical Services"
2019,OUR FAMILY STYLE FOOD & SERVICE,0,1,0,0,54,CA,FREMONT,94539,"Professional, Scientific, and Technical Services"
2019,RARITAN PHARMACEUTICALS INC,0,0,1,0,32,NJ,EAST BRUNSWICK,8816,Manufacturing
2019,OCWEN FINANCIAL,0,0,1,0,52,FL,ORLANDO,32825,Finance and Insurance
2019,JOON NEW YORK LLC,0,0,1,0,54,NY,NEW YORK,10021,"Professional, Scientific, and Technical Services"
2019,ORDWAY RESEARCH INSTITUTE INC,2,0,0,0,54,NY,ALBANY,12208,"Professional, Scientific, and Technical Services"
2019,DATABASE REPUBLIC,1,0,0,0,54,CA,OREGON HOUSE,95962,"Professional, Scientific, and Technical Services"
2019,TRI CITY MEDICAL CENTERS P C,0,0,1,0,62,MI,TAYLOR,48180,Health Care and Social Assistance
2019,TEKVIZION PVS INC,1,0,0,0,54,TX,RICHARDSON,75082,"Professional, Scientific, and Technical Services"
2019,SENADUANA FREIGHT FORWARDERS INC,0,0,2,0,48,FL,MIAMI,33166,Transportation and Warehousing
2019,SKILLSTORM INC DBA SGIS,1,0,0,0,99,CA,SAN DIEGO,92121,Unknown
2019,BETHANY PRIMARY CARE L L C,0,0,1,0,99,DE,BETHANY BEACH,19930,Unknown
2019,NGI INC,1,0,0,0,54,TX,HOUSTON,77077,"Professional, Scientific, and Technical Services"
2019,RESOURCE TRAC INC,1,0,1,1,54,CA,IRVINE,92618,"Professional, Scientific, and Technical Services"
2019,DAIDO CORPORATION OF AMERICA,1,0,0,0,33,TN,PORTLAND,37148,Manufacturing
2019,HIREZON CORP DBA INTERVIEW EXCHANG,1,0,0,0,54,MA,WESTBOROUGH,1581,"Professional, Scientific, and Technical Services"
2019,THELAB LLC,1,0,0,0,54,NY,NEW YORK,10001,"Professional, Scientific, and Technical Services"
2019,PROENERGY SVCS LLC,2,0,3,0,33,MO,SEDALIA,65301,Manufacturing
2019,PROENERGY SVCS LLC,0,0,1,0,33,TX,HOUSTON,77056,Manufacturing
2019,SOLAICX INC,1,0,0,0,22,CA,SANTA CLARA,95054,Utilities
2019,PHOTOGENICS LLC,1,0,0,0,71,CA,CULVER CITY,90232,"Arts, Entertainment, and Recreation"
2019,ATLAS ERGONOMICS LLC,0,0,2,0,54,MI,GRAND HAVEN,49417,"Professional, Scientific, and Technical Services"
2019,UNIQUE GIFTS & TS,1,0,0,0,45,TN,GATLINBURG,37738,Retail Trade
2019,UNIQUE GIFTS & TS,0,0,1,0,54,TN,GATLINBURG,37738,"Professional, Scientific, and Technical Services"
2019,INNOVATIONS TECHNOLOGY INC,1,0,0,0,54,GA,CUMMING,30041,"Professional, Scientific, and Technical Services"
2019,BAKER CONSULTING GROUP INC,0,0,1,0,54,OH,GRANVILLE,43023,"Professional, Scientific, and Technical Services"
2019,CLUSTER SYSTEMS LLC,0,0,1,0,54,NJ,NORTH HALEDON,7508,"Professional, Scientific, and Technical Services"
2019,LOGICBLOX,6,0,2,0,54,GA,ATLANTA,30309,"Professional, Scientific, and Technical Services"
2019,AUSPICIOUS GROUP INC,0,0,1,0,54,CA,CITY OF INDUSTRY,91746,"Professional, Scientific, and Technical Services"
2019,INNOVATE INC,2,0,2,0,54,VA,ALEXANDRIA,22310,"Professional, Scientific, and Technical Services"
2019,HILTON HEAD GUEST SERVICES,0,0,1,0,72,SC,HILTON HEAD ISLAND,29938,Accommodation and Food Services
2019,TANGLED SPIDER DESIGN GROUP INC,1,0,0,0,54,FL,FT LAUDERDALE,33301,"Professional, Scientific, and Technical Services"
2019,ZHANG & ASSOCIATES LLC,1,0,0,0,54,NY,NEW YORK,10013,"Professional, Scientific, and Technical Services"
2019,RANIS CONSTRUCTION & ELECTRIC INC,1,0,0,0,99,CA,SAN FRANCISCO,94112,Unknown
2019,AGAMATRIX INC,0,0,2,0,54,NH,SALEM,3079,"Professional, Scientific, and Technical Services"
2019,CALIFORNIA CREDITS GROUP LLC,1,0,3,0,54,CA,PASADENA,91101,"Professional, Scientific, and Technical Services"
2019,TUFFY HOME HEALTHCARE PRODUCTS INC,1,0,0,0,99,FL,POMPANO BEACH,33069,Unknown
2019,MAGNIFI GROUP,0,0,1,0,54,CA,SAN DIEGO,92117,"Professional, Scientific, and Technical Services"
2019,DEMOCRACY NOW,1,0,1,0,51,NY,NEW YORK,10013,Information
2019,CHIOMENTI STUDIO LEGALE LLC,0,0,1,0,54,NY,NEW YORK,10020,"Professional, Scientific, and Technical Services"
2019,ASSOCIATED PHARMACEUTICAL RESEARCH,0,0,1,0,62,CA,BUENA PARK,90620,Health Care and Social Assistance
2019,PARAMOUNT MORTGAGE RESOURCES INC,0,0,1,0,52,PA,PHILADELPHIA,19107,Finance and Insurance
2019,GLOBAL FLEXI SYSTEMS,0,0,1,0,99,TX,HOUSTON,77027,Unknown
2019,J VISTA SOFTWARE LLC,1,1,5,0,54,NJ,ISELIN,8830,"Professional, Scientific, and Technical Services"
2019,ORB INFORMATION TECHNOLOGIES LLC,1,0,1,0,54,NY,MONROE,10950,"Professional, Scientific, and Technical Services"
2019,HETROSYS LLC,0,0,1,0,54,CA,SAN JOSE,95148,"Professional, Scientific, and Technical Services"
2019,HETROSYS LLC,0,0,1,0,54,MI,LAKE ORION,48359,"Professional, Scientific, and Technical Services"
2019,OMNI HOME CARE,0,0,1,0,62,FL,CORAL SPRINGS,33065,Health Care and Social Assistance
2019,OXYGEN DEVELOPMENT LLC,1,1,0,0,33,FL,MIAMI,33131,Manufacturing
2019,TANTUS TECHNOLOGIES INC,0,0,1,0,54,VA,ARLINGTON,22209,"Professional, Scientific, and Technical Services"
2019,TANGIBLE VALUE LLC,0,0,1,0,54,NJ,EAST BRUNSWICK,8816,"Professional, Scientific, and Technical Services"
2019,TANGIBLE VALUE LLC,2,0,1,0,54,NJ,PRINCETON,8540,"Professional, Scientific, and Technical Services"
2019,MIAMI EXPRESS DRY CLEANERS,0,1,0,0,81,FL,MIAMI,33129,Other Services (except Public Administration)
2019,TERATHINK CORPORATION,0,0,1,0,54,VA,RESTON,20191,"Professional, Scientific, and Technical Services"
2019,MEJOONG CORP DBA HOT KIDS,0,1,0,0,31,CA,LOS ANGELES,90015,Manufacturing
2019,GARRIGUES LLP,1,0,0,0,54,NY,NEW YORK,10017,"Professional, Scientific, and Technical Services"
2019,BRITE STAR CHRISTIAN SCHOOL INC,1,0,0,0,62,GA,BUFORD,30518,Health Care and Social Assistance
2019,BRITE STAR CHRISTIAN SCHOOL INC,0,0,1,0,61,GA,NORCROSS,30071,Educational Services
2019,PACIFIC FLOORING & STONE INC DBA C,0,0,1,0,99,CA,OAKLAND,94603,Unknown
2019,MORRISON BROWN ARGIZ & FARRA LLP,0,0,2,0,54,FL,MIAMI,33131,"Professional, Scientific, and Technical Services"
2019,VC ACCESSORIES LLC,0,0,1,0,54,CT,GREENWICH,6830,"Professional, Scientific, and Technical Services"
2019,DELASOFT INC,8,3,42,0,54,DE,NEWARK,19702,"Professional, Scientific, and Technical Services"
2019,SMARTECH SOLUTIONS INC,0,1,0,0,54,TX,SUGAR LAND,77479,"Professional, Scientific, and Technical Services"
2019,R MANGAPIT & E OLEGARIO DMD PC,1,0,0,0,62,MA,NORTH DARTMOUTH,2747,Health Care and Social Assistance
2019,TAYLOR S MARKETING & MGMT,0,0,1,0,54,CA,LOS ANGELES,90047,"Professional, Scientific, and Technical Services"
2019,AMERICAN PUBLIC UNIVERSITY SYSTEM,0,0,3,0,61,WV,CHARLES TOWN,25414,Educational Services
2019,GUARDIAN EDGE TECHNOLOGIES INC,2,0,1,0,51,CA,SAN FRANCISCO,94107,Information
2019,ARMO SOLUTIONS INC,3,11,2,0,54,NJ,PARSIPPANY,7054,"Professional, Scientific, and Technical Services"
2019,INTEGRATED FLOW SOLUTIONS LLC,1,0,0,0,54,TX,HOUSTON,77092,"Professional, Scientific, and Technical Services"
2019,INTEGRATED FLOW SOLUTINOS LLC,3,0,3,0,54,TX,HOUSTON,77095,"Professional, Scientific, and Technical Services"
2019,STOELTING LLC,0,0,1,0,33,WI,KIEL,53042,Manufacturing
2019,TRINITY BIOSYSTEMS INC,0,0,1,0,54,CA,MENLO PARK,94025,"Professional, Scientific, and Technical Services"
2019,TWOFOUR SYSTEMS LLC,2,0,0,0,54,NY,WHITE PLAINS,10601,"Professional, Scientific, and Technical Services"
2019,PRUDENT PROFESSIONALS INCORPORATED,1,0,0,0,54,NJ,EDISON,8820,"Professional, Scientific, and Technical Services"
2019,BT INS INC,0,0,3,0,54,CA,SANTA CLARA,95050,"Professional, Scientific, and Technical Services"
2019,INTERNATIONAL NETWORK SERVICES INC,0,0,1,0,54,TX,IRVING,75039,"Professional, Scientific, and Technical Services"
2019,LUIS MENDEZ- MULET M D P A,0,0,1,0,62,FL,MIAMI,33173,Health Care and Social Assistance
2019,TELEFORCE USA INC,2,0,0,0,44,TX,DALLAS,75229,Retail Trade
2019,USAS TECHNOLOGIES LLC,0,1,0,0,54,KY,LOUISVILLE,40202,"Professional, Scientific, and Technical Services"
2019,BMP RADIO LP D/B/A BORDER MEDIA,1,0,0,0,99,TX,DALLAS,75204,Unknown
2019,C & J INVESTMENTS INC,1,0,0,0,54,TX,DALLAS,75220,"Professional, Scientific, and Technical Services"
2019,FUTUREBIOTICS LLC,1,0,0,0,32,NY,HAUPPAUGE,11788,Manufacturing
2019,IDEX HEALTH & SCIENCE LLC,1,0,0,0,33,CA,ROHNERT PARK,94927,Manufacturing
2019,WHITE JADE APPAREL INC,0,0,1,0,31,NY,NEW YORK,10016,Manufacturing
2019,ARCHITECTURAL DESIGN CONCEPTS LLC,1,0,0,0,54,GA,SANDY SPRINGS,30350,"Professional, Scientific, and Technical Services"
2019,TRUMPF PHOTONICS INC,1,0,0,0,33,NJ,CRANBURY,8512,Manufacturing
2019,SPYREL INC,5,2,5,0,54,GA,ALPHARETTA,30005,"Professional, Scientific, and Technical Services"
2019,SPYREL INC,1,0,0,1,54,GA,CUMMING,30040,"Professional, Scientific, and Technical Services"
2019,OCEANLINK USA INC,0,0,1,0,99,NJ,LODI,7644,Unknown
2019,GLOBAL COUNCIL ON WATER DISEASES,0,1,0,0,54,MD,HYATTSVILLE,20784,"Professional, Scientific, and Technical Services"
2019,MASTER TILE WEST INC,0,0,1,0,99,TX,HOUSTON,77092,Unknown
2019,CHOSEN IMAGE DBA METRO STYLE,1,0,0,0,44,NC,RALEIGH,27616,Retail Trade
2019,SHIVAM INFOTECH INC,0,0,1,0,54,NJ,KENDALL PARK,8824,"Professional, Scientific, and Technical Services"
2019,SHIVAM INFOTECH INC,4,3,4,0,54,NJ,SOMERSET,8873,"Professional, Scientific, and Technical Services"
2019,LEON TOVAR GALLERY,1,0,0,0,45,NY,NEW YORK,10021,Retail Trade
2018,AGAPE HOME HEALTH SERVICES INC,0,1,0,0,62,CA,ALHAMBRA,91801,Health Care and Social Assistance
2018,JUST GAMES INTERACTIVE ENTERTAINME,1,0,1,0,54,CA,LOS ANGELES,90034,"Professional, Scientific, and Technical Services"
2018,OVERSEAS MARINE INC,1,0,0,0,56,TX,HOUSTON,77063,Waste Management and Remediation Services
2018,N & D HEALTH CARE SVCS INC,0,0,0,1,62,CA,CITY OF INDUSTRY,91748,Health Care and Social Assistance
2018,BBH DESIGN PA,0,0,1,0,54,NC,RALEIGH,27617,"Professional, Scientific, and Technical Services"
2018,FILECONTROL PARTNERS LTD,1,0,0,0,54,TX,SUGARLAND,77478,"Professional, Scientific, and Technical Services"
2018,THE ART INSTITUTE OF TAMPA,0,0,1,0,61,FL,TAMPA,33614,Educational Services
2018,NIS CONSULTING INC,0,0,0,1,54,MI,NOVI,48375,"Professional, Scientific, and Technical Services"
2018,DATPRO INC,0,1,1,0,54,CA,LIVERMORE,94551,"Professional, Scientific, and Technical Services"
2018,PLB ORGANISATION INC,0,0,1,0,56,NY,NEW YORK,10167,Waste Management and Remediation Services
2018,SEJONG LLP,1,0,1,0,54,NJ,FORT LEE,7024,"Professional, Scientific, and Technical Services"
2018,CORINTHIAN HEALTH CARE SVCS INC,2,0,0,0,62,CA,RESEDA,91335,Health Care and Social Assistance
2018,WOOD SPECIALIST INC,0,0,1,0,33,FL,MIAMI,33172,Manufacturing
2018,CVE TECHNOLOGIY GROUP INC,1,0,0,0,33,CA,TORRANCE,90503,Manufacturing
2018,CVE TECHNOLOGY GROUP INC,0,0,1,0,33,TX,PLANO,75074,Manufacturing
2018,CVE TECHNOLOGY GROUP INC,7,0,4,0,81,TX,PLANO,75074,Other Services (except Public Administration)
2018,ENERGIZER BATTERY MFG INC,0,0,1,0,54,OH,WESTLAKE,44145,"Professional, Scientific, and Technical Services"
2018,RIVERWALK FOUNDATION,6,8,4,1,61,TX,SAN ANTONIO,78209,Educational Services
2018,PROSETTA CORPORATION,0,0,1,0,54,CA,SAN FRANCISCO,94107,"Professional, Scientific, and Technical Services"
2018,TENSIV LLC (D/B/A OLD GREENWICH,0,0,1,0,71,CT,OLD GREENWICH,6870,"Arts, Entertainment, and Recreation"
2018,CASAMBA INC,1,0,0,0,54,CA,AGOURA HILLS,91301,"Professional, Scientific, and Technical Services"
2018,ITALMIVEN TRADUCTORES & ASOCIADOS,0,0,1,0,99,FL,MIAMI,33280,Unknown
2018,PHARMA PAC LLC,0,0,1,0,32,MS,DEKALB,39328,Manufacturing
2018,DR SAMIR BATNIJI S ENDODONTICS PRA,0,0,0,3,62,CA,DIAMOND BAR,91765,Health Care and Social Assistance
2018,BELIMO CUSTOMIZATION USA INC,1,0,0,0,33,CT,DANBURY,6810,Manufacturing
2018,REAL VISIONS SOLUTIONS LLC,0,0,0,1,54,IL,NAPERVILLE,60543,"Professional, Scientific, and Technical Services"
2018,REAL VISION SOLUTIONS LLS,0,2,1,0,54,IL,NAPERVILLE,60563,"Professional, Scientific, and Technical Services"
2018,VOS SAVANT INC DBA CARLOS CAMPOS,1,0,0,0,54,NY,NEW YORK,10001,"Professional, Scientific, and Technical Services"
2018,KOKOON INC,1,0,0,0,31,NY,NEW YORK,10018,Manufacturing
2018,BANKERS REALTY INC,1,0,0,0,53,CA,LOS ANGELES,90066,Real Estate and Rental and Leasing
2018,FRANKLIN PARK ASSOCIATES LLC,1,0,0,0,52,PA,BALA CYNWYD,19004,Finance and Insurance
2018,DREAMS FOOTWEAR INC,0,0,1,0,99,CA,CITY OF INDUSTRY,91748,Unknown
2018,TA TUNG INTERNATIONAL INC,0,0,1,0,55,GA,MARTINEZ,30907,Management of Companies and Enterprises
2018,SAVANT INTERNATIONAL INC,0,0,1,0,54,NJ,FIELDSBORO,8505,"Professional, Scientific, and Technical Services"
2018,DIALOGUE DIRECT INC,0,0,1,0,56,NY,NEW YORK,10016,Waste Management and Remediation Services
2018,PAIN MGT ASSOC OF CENTRAL JERSEY,0,0,1,0,62,NJ,EDISON,8820,Health Care and Social Assistance
2018,GLOBAL SEVEN SERVICES GROUP CORP,0,0,1,0,54,FL,MIAMI,33131,"Professional, Scientific, and Technical Services"
2018,EVERISE INC,0,0,1,0,54,GA,DULUTH,30096,"Professional, Scientific, and Technical Services"
2018,SALIM & REGINA INCORP D/B/A CELL,0,0,1,0,99,TX,HOUSTON,77027,Unknown
2018,NETELLIGENT CORP,0,0,1,0,51,MO,CHESTERFIELD,63017,Information
2018,CATHERINE PAPLIN ARCHITECT DESIGN,0,0,1,0,54,NJ,SOUTH AMBOY,8879,"Professional, Scientific, and Technical Services"
2018,MIAMI INVESTMENT BROKERS INC,1,0,0,0,53,FL,MIAMI BEACH,33139,Real Estate and Rental and Leasing
2018,INDRILL INTERNATIONAL LLC,0,0,1,0,42,TX,HOUSTON,77043,Wholesale Trade
2018,RHINOX INC,1,0,0,0,99,CA,LOS ANGELES,90071,Unknown
2018,IPLANNER INC,0,1,1,1,54,TX,ALLEN,75013,"Professional, Scientific, and Technical Services"
2018,SWITCHGATE INTERNATIONAL LLC,0,0,1,0,52,FL,SUNNY ISLES BEACH,33160,Finance and Insurance
2018,CONGREGATION EDMOND J SAFRA,1,0,0,0,71,NY,NEW YORK,10065,"Arts, Entertainment, and Recreation"
2018,SAMARITAN HOME HEALTH AGENCY INC,0,1,0,0,62,CA,BURBANK,91601,Health Care and Social Assistance
2018,SAMARITAN HOME HEALTH AGENCY INC,1,0,0,0,62,CA,NORTH HOLLYWOOD,91601,Health Care and Social Assistance
2018,HYPO REAL ESTATE CAPITAL CORP,1,0,0,0,52,NY,NEW YORK,10017,Finance and Insurance
2018,GRANITE MARBLE & MORE,0,0,1,0,32,IN,RICHMOND,47374,Manufacturing
2018,SUBWAYS RESTAURANT,0,1,0,0,72,TX,GRAND PRAIRIE,75051,Accommodation and Food Services
2018,TWELFTH STREET BY CYNTHIA VINCENT,0,0,1,0,31,CA,LOS ANGELES,90014,Manufacturing
2018,INVENSENSE INC,1,0,2,0,33,CA,SUNNYVALE,94089,Manufacturing
2018,M FACTOR INC,1,0,0,0,51,CA,SAN MATEO,94404,Information
2018,T C N INCORPORATED,0,1,0,0,54,UT,ST GEORGE,84770,"Professional, Scientific, and Technical Services"
2018,BEAUTY CHANNEL INC,2,0,0,0,99,NJ,TEANECK,7666,Unknown
2018,HIGH WAY EDUCATION INC SPRING,0,1,0,0,81,NY,ROCHESTER,14613,Other Services (except Public Administration)
2018,MODERNE DESIGN,0,0,1,0,54,VA,MCLEAN,22101,"Professional, Scientific, and Technical Services"
2018,INTERFYSIO LLC,1,0,1,0,62,NY,NEW YORK,10006,Health Care and Social Assistance
2018,INTERFYSIO LLC,22,1,3,0,62,NY,NEW YORK,10019,Health Care and Social Assistance
2018,JANABI ASSOCIATES INC,1,0,0,0,62,MD,ROCKVILLE,20850,Health Care and Social Assistance
2018,KAESONG CORP,1,0,0,0,99,NY,BROOKLYN,11201,Unknown
2018,PREMIER FOODSERVICE LLC,0,0,1,0,99,FL,MIAMI,33166,Unknown
2018,PREMIER FOODSERVICE LLC,0,0,1,0,99,FL,MIAMI,33173,Unknown
2018,TEL TECHNOLOGY CENTER AMERICA LLC,1,0,0,0,33,NY,ALBANY,12203,Manufacturing
2018,554 EUO LLC,1,0,0,0,53,NY,NEW YORK,10022,Real Estate and Rental and Leasing
2018,SUNNY SMILES DENTAL P C D/B/A BAYW,0,0,1,0,62,MI,CHESTERFIELD,48047,Health Care and Social Assistance
2018,HEALTH CARE TEAM PC,2,3,0,0,62,MI,TROY,48084,Health Care and Social Assistance
2018,CENTERPOINT ENERGY SVC COMPANY LLC,1,0,4,0,22,TX,HOUSTON,77002,Utilities
2018,2CMD INC,1,0,0,0,54,TX,DALLAS,75230,"Professional, Scientific, and Technical Services"
2018,SARGA SOLUTIONS INC,2,1,3,0,54,VA,HERNDON,20171,"Professional, Scientific, and Technical Services"
2018,DELIGHT CONSULTING SERVICES LLC,2,1,5,2,54,MI,ROCHESTER,48307,"Professional, Scientific, and Technical Services"
2018,SAPHIRE INC DBA SAVVY SOFTWARE,0,0,1,0,54,FL,PEMBROKE PINES,33025,"Professional, Scientific, and Technical Services"
2018,BANCBRIDGE SOFTWARE SYSTEMS INC,0,0,1,0,54,CA,WESTLAKE VILLAGE,91361,"Professional, Scientific, and Technical Services"
2018,MARVEL MGMT CORP D/B/A JACKSON HEW,0,0,1,0,54,IL,BROADVIEW,60155,"Professional, Scientific, and Technical Services"
2018,FCT TEXAS LLC,1,0,0,0,52,TX,DALLAS,75205,Finance and Insurance
2018,NIRVANA INFOTECH INC,0,1,0,0,54,CA,SANTA CLARA,94582,"Professional, Scientific, and Technical Services"
2018,NIRVANA INFOTECH INC,2,6,0,1,54,CA,SANTA CLARA,95054,"Professional, Scientific, and Technical Services"
2018,ADVENTA CORPORATION,0,0,1,0,33,AL,MADISON,35758,Manufacturing
2018,TERRICK PROPERTIES INC DBA,1,0,0,0,62,TX,LUBBOCK,79407,Health Care and Social Assistance
2018,STONE COLLECTIONS INC,0,0,1,0,99,TX,HOUSTON,77063,Unknown
2018,UNIVERSAL CRANE LLC,1,0,0,0,81,TX,HUNTSVILLE,77320,Other Services (except Public Administration)
2018,TERRICK PROPERTIES INC DBA,3,0,0,0,62,TX,LUBBOCK,79407,Health Care and Social Assistance
2018,ALL IN LINE STABLES LLC,0,0,0,1,71,IL,ITASCA,60143,"Arts, Entertainment, and Recreation"
2018,SMK SOFT INC,1,4,1,1,54,VA,HERNDON,20171,"Professional, Scientific, and Technical Services"
2018,SMK SOFT INC,1,0,0,0,54,VA,VIENNA,22182,"Professional, Scientific, and Technical Services"
2018,RAJA FOODS OF ATLANTA LLC,1,0,0,0,42,GA,STONE MOUNTAIN,30083,Wholesale Trade
2018,MEGHANA SOFT SOLUTIONS,1,0,0,0,54,PA,MECHANICSBURG,17050,"Professional, Scientific, and Technical Services"
2018,SOFTWARE TECHNOLOGY INC,0,1,0,0,54,NJ,BORDENTOWN,8505,"Professional, Scientific, and Technical Services"
2018,360 DEGREE CUSTOMER INC,1,0,0,0,54,CA,SAN JOSE,95014,"Professional, Scientific, and Technical Services"
2018,360 DEGREE CUSTOMER INC,0,0,1,0,62,CA,SAN JOSE,95014,Health Care and Social Assistance
2018,360 DEGREE CUSTOMER INC,0,0,2,1,54,CA,SAN JOSE,95134,"Professional, Scientific, and Technical Services"
2018,360 DEGREE CUSTOMER INC,1,2,1,1,62,CA,SAN JOSE,95134,Health Care and Social Assistance
2018,CONTINENTAL INTEGRATION LLC,0,0,1,0,54,NY,NEW YORK,10011,"Professional, Scientific, and Technical Services"
2018,WEIDBEE INC,0,2,0,0,54,TX,HOUSTON,77014,"Professional, Scientific, and Technical Services"
2018,WEIDBEE INC,1,0,0,0,54,TX,HOUSTON,77068,"Professional, Scientific, and Technical Services"
2018,WEIDBEE INC,0,1,0,0,54,TX,SPRING,77379,"Professional, Scientific, and Technical Services"
2018,MINDCRAFT DENTAL CREATIONS INC,0,1,0,0,33,CA,SAN JOSE,95126,Manufacturing
2018,VIRGINIA GROUP INC,1,0,0,0,99,NY,NEW YORK,10022,Unknown
2017,MICRO INTERNATIONAL TRADE INC,1,0,0,0,42,NY,ASTORIA,11106,Wholesale Trade
2017,MICRO INTERNATIONAL TRADE INC,1,0,0,0,42,NY,LONG ISLAND CITY,11106,Wholesale Trade
2017,WELLDOC INC,1,0,1,0,54,MD,BALTIMORE,21202,"Professional, Scientific, and Technical Services"
2017,ARCADIA INVESTMENT PARTNERS LLC,1,0,0,0,52,NY,NEW YORK,10019,Finance and Insurance
2017,TECHNOWAVE INC,1,3,3,0,54,VA,VIENNA,22180,"Professional, Scientific, and Technical Services"
2017,VASOLUX MICROSYSTEMS LLC,1,0,0,0,33,OH,ELYRIA,44035,Manufacturing
2017,PINNACLE PARTS AND SERVICE CORP,1,0,0,0,42,NJ,BARNEGAT,8005,Wholesale Trade
2017,MET TECH INC,1,0,0,0,54,NJ,JERSEY CITY,7305,"Professional, Scientific, and Technical Services"
2017,UT REAL ESTATE INVESTMENTS,0,1,0,0,53,UT,SALT LAKE CITY,84103,Real Estate and Rental and Leasing
2017,CYGENSOFT LLC,1,0,0,0,54,GA,CUMMING,30041,"Professional, Scientific, and Technical Services"
2017,MSN SOLUTIONS INC,0,1,2,0,54,CA,ARCADIA,91006,"Professional, Scientific, and Technical Services"
2017,REVEREIT LLC,4,2,1,0,54,MA,WOBURN,1801,"Professional, Scientific, and Technical Services"
2017,REVEREIT LLC,1,0,0,0,54,NH,NASHUA,3063,"Professional, Scientific, and Technical Services"
2017,REVEREIT LLC,7,0,5,0,54,VA,HERNDON,20171,"Professional, Scientific, and Technical Services"
2017,MATRIX INFOTECH INC,0,4,0,0,54,WI,MADISON,53711,"Professional, Scientific, and Technical Services"
2017,MATRIX INFOTECH INC,0,0,0,1,54,WI,MILWAUKEE,53224,"Professional, Scientific, and Technical Services"
2017,BUSINESS LAW INC,1,0,0,0,54,CA,SAN DIEGO,92126,"Professional, Scientific, and Technical Services"
2017,RECURSION GROUP INC,1,0,0,0,54,IL,ARLINGTON HEIGHTS,60005,"Professional, Scientific, and Technical Services"
2017,RAMBAM ATLANTA DAY SCHOOL INC,1,0,0,0,61,GA,ATLANTA,30340,Educational Services
2017,PREMATICS INC,2,0,0,0,54,VA,VIENNA,22182,"Professional, Scientific, and Technical Services"
2017,BYTESYS TECHNOLOGIES INC,0,1,0,0,54,TX,COPPELL,75019,"Professional, Scientific, and Technical Services"
2017,ASPIRESOFT CORPORATION,2,0,1,0,54,CA,FREMONT,94538,"Professional, Scientific, and Technical Services"
2017,PEOPLECORP AMERICA INC,0,0,1,0,54,VA,MCLEAN,22102,"Professional, Scientific, and Technical Services"
2017,STRUCTURAL WEALTH MANAGEMENT LLC,0,0,1,0,54,CA,SAN FRANCISCO,94108,"Professional, Scientific, and Technical Services"
2017,KRISTI CORPORATION USA,1,0,0,0,99,NJ,BASKING RIDGE,7920,Unknown
2017,SMART DATA SYSTEMS LLC,3,2,0,0,54,OH,BEAVERCREEK,45430,"Professional, Scientific, and Technical Services"
2017,SMART DATA SYSTEMS LLC,1,0,0,0,54,OH,DAYTON,45458,"Professional, Scientific, and Technical Services"
2017,MTM TECHNOLOGIES INC,0,0,1,0,54,IL,LINCOLNSHIRE,60069,"Professional, Scientific, and Technical Services"
2017,COLLECTION SOLUTIONS SOFTWARE INC,1,0,0,0,31,CA,WOODLAND HILLS,91367,Manufacturing
2017,SURYACOM CONSULTING SVCS LLC,0,0,1,0,54,KY,LEXINGTON,40511,"Professional, Scientific, and Technical Services"
2017,BOKANYI CONSULTING INC,0,0,1,0,54,TX,MONTGOMERY,77316,"Professional, Scientific, and Technical Services"
2017,CHEMIZON INC,0,0,1,0,54,CO,LONGMONT,80501,"Professional, Scientific, and Technical Services"
2017,HEARTLAND DENTAL CARE INC,0,1,1,0,56,IL,EFFINGHAM,62401,Waste Management and Remediation Services
2017,SOFTWARE EXPECTATIONS INC,0,0,1,0,54,TX,HOUSTON,77074,"Professional, Scientific, and Technical Services"
2017,DR YOUNG PARK PC DBA ASPEN DENTAL,2,0,0,0,62,NY,EAST SYRACUSE,13057,Health Care and Social Assistance
2017,STRATEGIC FUNDING SOURCE INC,0,0,1,0,52,NY,NEW YORK,10036,Finance and Insurance
2017,SUNGMO CHIROPRACTIC CLINIC INC,1,0,0,0,62,CA,GARDEN GROVE,92844,Health Care and Social Assistance
2017,PEAK SCIENTIFIC INC,1,0,0,0,42,MA,NORTH BILLERICA,1862,Wholesale Trade
2017,ONERIOT,1,0,0,0,54,CO,BOULDER,80302,"Professional, Scientific, and Technical Services"
2017,RATAN R PARK LLC DBA RAMADA INN,2,0,0,0,54,NJ,ROCHELLE PARK,7662,"Professional, Scientific, and Technical Services"
2017,APPVISE INC,1,0,0,0,54,CA,CUPERTINO,95014,"Professional, Scientific, and Technical Services"
2017,HARUKURU INC,0,0,1,0,42,OH,CLEVELAND,44114,Wholesale Trade
2017,CREDIT CONTROL LLC,0,0,1,0,56,MO,HAZELWOOD,63042,Waste Management and Remediation Services
2017,WANG LAW OFFICE PLLC,2,0,0,0,54,NY,FLUSHING,11354,"Professional, Scientific, and Technical Services"
2017,AMEREDIA INC,2,1,0,0,54,CA,SAN FRANCISCO,94105,"Professional, Scientific, and Technical Services"
2017,ILLUMINEX CORPORATION,1,0,0,0,54,PA,LANCASTER,17601,"Professional, Scientific, and Technical Services"
2017,CORPTAX INC,1,0,2,0,54,IL,DEERFIELD,60015,"Professional, Scientific, and Technical Services"
2017,BMB ADVISORS LIMITED,1,0,0,0,52,NY,NEW YORK,10022,Finance and Insurance
2017,INTL SPANISH LANGUAGE ACADEMY,2,0,0,0,61,MN,HOPKINS,55343,Educational Services
2017,INTERNATIONAL SPANISH LANGUAGE ACA,1,0,0,0,61,MN,MINNETONKA,55343,Educational Services
2017,THE ROSS SCHOOL,1,0,0,0,61,NY,EAST HAMPTON,11937,Educational Services
2017,ROSS SCHOOL,1,0,0,0,31,NY,HAMPTON BAYS,11946,Manufacturing
2017,SIERRA NEVADA JOURNEYS,1,0,0,0,61,CA,LOS ANGELES,90048,Educational Services
2017,IFUSIONIT LLC,0,1,0,0,54,WA,BELLEVUE,98005,"Professional, Scientific, and Technical Services"
2017,MINECODE LLC,3,2,1,0,54,WA,BELLEVUE,98007,"Professional, Scientific, and Technical Services"
2017,VECTURA CAPITAL LTD,1,1,0,0,52,CA,SANTA MONICA,90402,Finance and Insurance
2017,SRM TECHNOLOGIES INC,17,0,1,0,54,MA,WOBURN,1801,"Professional, Scientific, and Technical Services"
2017,SRM TECHNOLOGIES INC,1,0,0,0,54,MA,WOBURN,1803,"Professional, Scientific, and Technical Services"
2017,SRM TECHNOLOGIES INC,2,0,0,0,54,NJ,HAMILTON,8619,"Professional, Scientific, and Technical Services"
2017,SRM TECHNOLOGIES INC,1,0,0,0,54,NJ,TRENTON,8619,"Professional, Scientific, and Technical Services"
2017,METROWINE FLORIDA,1,0,0,0,54,FL,MIAMI,33139,"Professional, Scientific, and Technical Services"
2017,VITAL WELLNESS PRIVATE HOME CARE,0,1,0,0,62,IL,NAPERVILLE,60563,Health Care and Social Assistance
2017,PETROMEN INC,0,0,1,0,52,TX,HOUSTON,77449,Finance and Insurance
2017,POINT 360,0,0,2,0,51,CA,BURBANK,91504,Information
2017,ART OF HEALING REHAB INC,0,1,0,0,62,MI,YPSILANTI,48197,Health Care and Social Assistance
2017,GENE SECURITY NETWORK INC,1,0,0,0,54,CA,REDWOOD,94063,"Professional, Scientific, and Technical Services"
2017,GENE SECURITY NETWORK,1,0,0,0,54,CA,REDWOOD CITY,94063,"Professional, Scientific, and Technical Services"
2017,VERDERAME ARCHITECTURE & INTERIOR,1,0,0,0,54,NY,NEW YORK,10036,"Professional, Scientific, and Technical Services"
2017,RUBICON MEDIA LLC,1,0,0,0,54,CA,SAN FRANCISCO,94107,"Professional, Scientific, and Technical Services"
2017,DELIGHT CONSULTING SERVICES LLC,0,0,1,0,54,MI,ROCHESTER,48307,"Professional, Scientific, and Technical Services"
2017,TECHNICS INC,1,1,0,0,54,OH,CLEVELAND,44181,"Professional, Scientific, and Technical Services"
2017,BASEL ACTION NETWORK,1,0,0,0,81,WA,SEATTLE,98104,Other Services (except Public Administration)
2017,OXYGEN DEVELOPMENT LLC,0,0,1,0,32,FL,MIAMI,33131,Manufacturing
2017,DONNA INDEPENDENT SCHOOL DISTRICT,0,0,1,0,61,TX,DONNA,78537,Educational Services
2017,CAMP DRESSER & MCKEE INC,0,0,1,0,54,MA,CAMBRIDGE,2139,"Professional, Scientific, and Technical Services"
2017,BELL ENGINEERING INC,1,0,0,0,54,TX,VIDOR,77662,"Professional, Scientific, and Technical Services"
2017,MAINE DEPT OF HEALTH & HUMAN SVCS,0,0,1,0,92,ME,AUGUSTA,4333,Public Administration
2017,RAYMOND SCHOOL DEPARTMENT,0,0,1,0,61,ME,RAYMOND,4071,Educational Services
2017,UNIV OF SOUTHERN MAINE,2,0,2,0,61,ME,GORHAM,4038,Educational Services
2017,UNIVERSITY OF MAINE,14,0,5,1,61,ME,ORONO,4469,Educational Services
2017,MAINE SCHOOL ADMIN DIST 04,0,0,1,0,61,ME,GUILFORD,4443,Educational Services
2017,AMERICAN HOMES,1,0,0,0,99,ME,PORTLAND,4103,Unknown
2017,HYDE SCHOOL,1,0,0,0,61,ME,BATH,4530,Educational Services
2017,MEDICAL CARE DEVEL INTL INC,2,0,0,0,92,MD,SILVER SPRING,20910,Public Administration
2017,MEDICAL CARE DEVELOPMENT INC,1,0,0,0,54,VT,BURLINGTON,5402,"Professional, Scientific, and Technical Services"
2017,WILLIAM & CAROL OUCHI HIGH SCHOOL,1,0,0,0,61,CA,LOS ANGELES,90043,Educational Services
2017,BOSTON SCIENTIFIC CORPORATION,0,0,1,0,33,MA,NATICK,1760,Manufacturing
2017,PRODIGY SOFTWARE GROUP INC,0,0,0,1,54,PA,PITTSBURGH,15220,"Professional, Scientific, and Technical Services"
2017,HOLDERNESS SCHOOL,1,0,1,0,61,NH,PLYMOUTH,3264,Educational Services
2017,MARKEM-IMAJE CORPORATION,1,0,0,0,33,NH,KEENE,3435,Manufacturing
2017,NATIONAL GRANGE MUTUAL INSUR CO,0,0,1,0,52,NH,KEENE,3431,Finance and Insurance
2017,PUBLIC SERVICE OF NEW HAMPSHIRE,0,0,1,0,92,NH,MANCHESTER,3101,Public Administration
2017,CVS/PHARMACY,0,0,1,0,44,RI,WOONSOCKET,2895,Retail Trade
2017,FINDINGS INCORPORATED,0,0,1,0,54,NH,KEENE,3431,"Professional, Scientific, and Technical Services"
2017,HITCHINER MANUFACTURING CO INC,1,0,0,0,33,NH,MILFORD,3055,Manufacturing
2017,SITIME CORP,1,0,0,0,33,CA,SUNNYVALE,94085,Manufacturing
2017,DARTMOUTH COLLEGE,27,0,24,2,61,NH,HANOVER,3755,Educational Services
2017,VALLEY REGIONAL HOSP,0,0,1,0,62,NH,CLAREMONT,3743,Health Care and Social Assistance
2017,FRISBIE MEMORIAL HOSPITAL,0,0,1,0,62,NH,ROCHESTER,3867,Health Care and Social Assistance
2017,MARY HITCHCOCK MEMORIAL HOSPITAL,0,0,6,0,62,NH,LEBANON,3756,Health Care and Social Assistance
2017,LRGHEALTHCARE,2,0,4,0,62,NH,LACONIA,3246,Health Care and Social Assistance
